header,seq
sp|Q04002|SCC2_YEAST Sister chromatid cohesion protein 2 OS=Saccharomyces cerevisiae (strain ATCC 204508 / S288c) OX=559292 GN=SCC2 PE=1 SV=1,MSYPGKDKNIPGRIIEALEDLPLSYLVPKDGLAALVNAPMRVSLPFDKTIFTSADDGRDVNINVLGTANSTTSSIKNEAEKERLVFKRPSNFTSSANSVDYVPTNFLEGLSPLAQSVLSTHKGLNDSINIEKKSEIVSRPEAKHKLESVTSNAGNLSFNDNSSNKKTKTSTGVTMTQANLAEQYLNDLKNILDIVGFDQNSAEIGNIEYWLQLPNKKFVLTTNCLTKLQMTIKNITDNPQLSNSIEITWLLRLLDVMVCNIKFSKSSLKMGLDDSMLRYIALLSTIVLFNIFLLGKNDSNLHRESYIMEPVNFLSDLIESLKILTIEYGSLKIEFDTFQEALELLPKYIRNGPFLDDNVTAKLVYIFSDLLMNNDIEATTNIQFQSFWDNVKRISSDILVSLFGSFDQQRGFIIEELLSHIEKLPTKRIQKKLRKVGNQNIYITDFTFTLMSMLENINCYSFCNQMKDIAPENIDLLKNEYKKQEEFLFNIVEHINDTILERFFKNPSALRYVIDNFVQDLLLLISSPQWPVTEKILSSLLKRLLSVYSPSMQVSANIETICLQLIGNIGSTIFDIKCSTRDHEDNNLIKMINYPETLPHFFKSFEECIAYNETIKCRRSATRFLWNLRLGTILILEEYTKDAKEQIITVDNELKKILEQIKDGGLGPELENREADFSTIKLDYFSILHAFELLNLYDPYLKLILSLLAKDKIKLRSTAIKCLSMLASKDKVILSNPMVKETIHRRLNDSSASVKDAILDLVSINSSYFEFYQQINNNYNDDSIMVRKHVLRINEKMYDETNDIVTKVYVIARILMKIEDEEDNIIDMARLILLNRWILKVHEVLDQPEKLKEISSSVLLVMSRVAIMNEKCSQLFDLFLNFYLLNKEAHSKEAYDKITHVLTILTDFLVQKIVELNSDDTNEKNSIVDKQNFLNLLAKFADSTVSFLTKDHITALYPYMVSDEKSDFHYYILQVFRCTFEKLANFKQKFLYDLETTLLSRLPKMNVREIDEAMPLIWSVATHRHDTARVAKACSSCLSHLHPYINKANNEEAAIVVDGKLQRLIYLSTGFARFCFPKPSNDKIAFLQEGETLYEHITKCLLVLSKDKITHVIRRVAVKNLTKLCGNHPKLFNSRHVLHLLDKEFQSDQLDIKLVILESLYDLFLLEERKSVRNTGVNSTLSSNSILKKKLLKTNRVEFANDGVCSALATRFLDNILQLCLLRDLKNSLVAIRLLKLILKFGYTNPSHSIPTVIALFASTSQYIRHVAYELLEDLFEKYETLVFSSLSRGVTKAIHYSIHTDEKYYYKHDHFLSLLEKLCGTGKKNGPKFFKVLKRIMQSYLDDITDLTSTNSSVQKSIFVLCTNISNITFVSQYDLVSLLKTIDLTTDRLKEVIMDEIGDNVSSLSVSEEKLSGIILIQLSLQDLGTYLLHLYGLRDDVLLLDIVEESELKNKQLPAKKPDISKFSAQLENIEQYSSNGKLLTYFRKHVKDT
sp|P03004|DNAA_ECOLI Chromosomal replication initiator protein DnaA OS=Escherichia coli (strain K12) OX=83333 GN=dnaA PE=1 SV=2,MSLSLWQQCLARLQDELPATEFSMWIRPLQAELSDNTLALYAPNRFVLDWVRDKYLNNINGLLTSFCGADAPQLRFEVGTKPVTQTPQAAVTSNVAAPAQVAQTQPQRAAPSTRSGWDNVPAPAEPTYRSNVNVKHTFDNFVEGKSNQLARAAARQVADNPGGAYNPLFLYGGTGLGKTHLLHAVGNGIMARKPNAKVVYMHSERFVQDMVKALQNNAIEEFKRYYRSVDALLIDDIQFFANKERSQEEFFHTFNALLEGNQQIILTSDRYPKEINGVEDRLKSRFGWGLTVAIEPPELETRVAILMKKADENDIRLPGEVAFFIAKRLRSNVRELEGALNRVIANANFTGRAITIDFVREALRDLLALQEKLVTIDNIQKTVAEYYKIKVADLLSKRRSRSVARPRQMAMALAKELTNHSLPEIGDAFGGRDHTTVLHACRKIEQLREESHDIKEDFSNLIRTLSS
sp|Q56229|NQO14_THET8 NADH-quinone oxidoreductase subunit 14 OS=Thermus thermophilus (strain HB8 / ATCC 27634 / DSM 579) OX=300852 GN=nqo14 PE=1 SV=2,MTLAILAVFSVALTLLGFVLPPQGVKRATLLGLALALASLLLTWGKPFAFGPYAVDGVSQVFTLLALLGALWTVGLVRSGRFEFYLLVLYAALGMHLLASTRHLLLMLVALEALSLPLYALATWRRGQGLEAALKYFLLGALAAAFFLYGAALFYGATGSLVLGAPGEGPLYALALGLLLVGLGFKAALAPFHFWTPDVYQGSPTPVVLFMATSVKAAAFAALLRVAAPPEALALLVALSVVVGNLAALAQKEAKRLLAYSSIAHAGYMALALYTGNAQALGFYLLTYVLATGLAFAVLSQISPDRVPLEALRGLYRKDPLLGLAFLVAMLSLLGLPPLAGFWGKYLAFAEAARAGAWGVLVLALVTSAVSAYYYLGLGLAVFARPEETPFRPGPPWARAAVVAAGVLLLALGLLPGLVLPALAAGG
sp|B7I5N9|RS20_ACIB5 30S ribosomal protein S20 OS=Acinetobacter baumannii (strain AB0057) OX=480119 GN=rpsT PE=1 SV=1,MANSAQAKKRARQNVKARKHNASLRSMVRTYIKRTLSAIAGGDYAVATEAYKKAVPVIDRMADKGIIHKNKAARHKSRLNAQVKALAN
sp|P07173|CYCR_BLAVI Photosynthetic reaction center cytochrome c subunit OS=Blastochloris viridis OX=1079 GN=pufC PE=1 SV=1,MKQLIVNSVATVALASLVAGCFEPPPATTTQTGFRGLSMGEVLHPATVKAKKERDAQYPPALAAVKAEGPPVSQVYKNVKVLGNLTEAEFLRTMTAITEWVSPQEGCTYCHDENNLASEAKYPYVVARRMLEMTRAINTNWTQHVAQTGVTCYTCHRGTPLPPYVRYLEPTLPLNNRETPTHVERVETRSGYVVRLAKYTAYSALNYDPFTMFLANDKRQVRVVPQTALPLVGVSRGKERRPLSDAYATFALMMSISDSLGTNCTFCHNAQTFESWGKKSTPQRAIAWWGIRMVRDLNMNYLAPLNASLPASRLGRQGEAPQADCRTCHQGVTKPLFGASRLKDYPELGPIKAAAK
sp|P03905|NU4M_HUMAN NADH-ubiquinone oxidoreductase chain 4 OS=Homo sapiens OX=9606 GN=MT-ND4 PE=1 SV=1,MLKLIVPTIMLLPLTWLSKKHMIWINTTTHSLIISIIPLLFFNQINNNLFSCSPTFSSDPLTTPLLMLTTWLLPLTIMASQRHLSSEPLSRKKLYLSMLISLQISLIMTFTATELIMFYIFFETTLIPTLAIITRWGNQPERLNAGTYFLFYTLVGSLPLLIALIYTHNTLGSLNILLLTLTAQELSNSWANNLMWLAYTMAFMVKMPLYGLHLWLPKAHVEAPIAGSMVLAAVLLKLGGYGMMRLTLILNPLTKHMAYPFLVLSLWGMIMTSSICLRQTDLKSLIAYSSISHMALVVTAILIQTPWSFTGAVILMIAHGLTSSLLFCLANSNYERTHSRIMILSQGLQTLLPLMAFWWLLASLANLALPPTINLLGELSVLVTTFSWSNITLLLTGLNMLVTALYSLYMFTTTQWGSLTHHINNMKPSFTRENTLMFMHLSPILLLSLNPDIITGFSS
sp|Q9X4Q8|NQRF_VIBCH Na(+)-translocating NADH-quinone reductase subunit F OS=Vibrio cholerae serotype O1 (strain ATCC 39315 / El Tor Inaba N16961) OX=243277 GN=nqrF PE=1 SV=1,MSTIIFGVVMFTLIILALVLVILFAKSKLVPTGDITISINGDPEKAIVTQPGGKLLTALAGAGVFVSSACGGGGSCGQCRVKIKSGGGDILPTELDHISKGEAREGERLACQVAVKADMDLELPEEIFGVKKWECTVISNDNKATFIKELKLAIPDGESVPFRAGGYIQIEAPAHHVKYADFDVPEKYRGDWDKFNLFRYESKVDEPIIRAYSMANYPEEFGIIMLNVRIATPPPNNPNVPPGQMSSYIWSLKAGDKCTISGPFGEFFAKDTDAEMVFIGGGAGMAPMRSHIFDQLKRLKSKRKMSYWYGARSKREMFYVEDFDGLAAENDNFVWHCALSDPQPEDNWTGYTGFIHNVLYENYLKDHEAPEDCEYYMCGPPMMNAAVINMLKNLGVEEENILLDDFGG
sp|Q92633|LPAR1_HUMAN Lysophosphatidic acid receptor 1 OS=Homo sapiens OX=9606 GN=LPAR1 PE=1 SV=3,MAAISTSIPVISQPQFTAMNEPQCFYNESIAFFYNRSGKHLATEWNTVSKLVMGLGITVCIFIMLANLLVMVAIYVNRRFHFPIYYLMANLAAADFFAGLAYFYLMFNTGPNTRRLTVSTWLLRQGLIDTSLTASVANLLAIAIERHITVFRMQLHTRMSNRRVVVVIVVIWTMAIVMGAIPSVGWNCICDIENCSNMAPLYSDSYLVFWAIFNLVTFVVMVVLYAHIFGYVRQRTMRMSRHSSGPRRNRDTMMSLLKTVVIVLGAFIICWTPGLVLLLLDVCCPQCDVLAYEKFFLLLAEFNSAMNPIIYSYRDKEMSATFRQILCCQRSENPTGPTEGSDRSASSLNHTILAGVHSNDHSVV
sp|Q7VL96|MUKB_HAEDU Chromosome partition protein MukB OS=Haemophilus ducreyi (strain 35000HP / ATCC 700724) OX=233412 GN=mukB PE=1 SV=1,MMNTNELFDQTAVNSSQDKPLNPPFAVAQPANIARGKFRSLTLINWNGFFARTFDFDELVTTLSGGNGAGKSTTMAGFVTALIPDLTLLNFRNTTEAGSTSSSRDKGLYGKLKAGVCYAVLETVNSRAQRIITGVRLQQIAGRDKKVDIRPFSLQNVPMADSVISLFTEQVANKARVLSLNDLKEKFEETAVTFKPYHSITDYHSFMFDLGILPKRLRSSSDRNKFYKLIEASLYGGISSVITKSLRDYLLPENSGVRQAFQDMEAALRENRMTLEAIKVTQSDRDMFKHLITEATQYVSADYMRNANERRGNVVSALAQRRTWYDTKAKLLVEEQRLIEFSREVADINLTEQSLESEYNVANDHLNLVMNALRHQEKIIRYQDEVDALNEKLEQQQIALEEVSEQVEDAQAHTDEIDDRVDGLRSQIADYQQALDAQQTRALQYQQAITALQKAQQLCALPHLDLDNLKDYQTEFEAQAQDITDHVFELEQRLSISDMTKTQFEKAYQLVCKVSGEIDRSQAWSEATQLLATFPDQKMQAAQAVALRQKLADLEQRLHQQQKVQRLIAEFNQQAAKKLTDFTALENHFEQQQIKLEDLEAELANVIELRSVHRQQQEQLTQQYNQLAKTAPAWHTARSVLTRLEEQCAEQFENSQAIMHCMQEMLRKEREATLERDELARTEAALASQISQLSQADGAEDIRLNQLAERLGGVLLSELYDDVSLQDAPYFSALYGEARHAIVVRDLTSVKAQLEKLTDCPNDLYLIEGDPTAFDDTVFSAEELYDSVIVKVSNRQWRYSKFPEVPLFGRAAREKHLITLKTERDDIAEQHAESAFNVQKYQRLHQHLSQFVGTHLNIAFQPDPEMLMQEIALERQEIEGQLNQAVENEHYLRQQADHLKAELQMLNKILPLANTLADETVMERFEECREQLQSAEENELFVRQFGQYLTQLAPIATSLQTDPSKFEQLEHDYQQAKSTQRILQQKVFALSDVMQRRLHFNYSEENQCEGSALTEQLRTDLALAQQEREQARQRLRQAQAQFTQYNQVLISLRSAYDAKYQMLQELMQEIDDLGVRGDSAAEECARLRRDELQQQLSQQRARKGYLDKQLGIIEAEIDNLNRLLRKTERDYQTQRELVVQAKASWCLVQKLSRNSDVEKRLNRRELAYQSAEELRSISDKALGALRTAVADNEYLRDSLRASEDSRKPENKVAFFIAVYQHLRERIRQDIIRTDDPIDAIEQMEIELSRLINELTSREKKLAISAESVANILRKTIQREQNRILQLNQGLQNIAFGQVKGVRLVVNIRDTHSILLNALSDQHEQHKDLFESQKLSFSEALAMLYKRVNPHIELGQRMPQTIGEELLDYRNYLDLEVETLRGADGWMRAESSALSTGEAIGTGMSILLMVVQSWEEESRRMRAKDILPCRLLFLDEAARLDAMSINTLFELCERLDMQLLIAAPENISPEHGTTYKLVRKILANQEYVHVVGLKGFGQQMNKST
sp|G0S0R2|NUP57_CHATD Nucleoporin NUP57 OS=Chaetomium thermophilum (strain DSM 1495 / CBS 144.50 / IMI 039719) OX=759272 GN=NUP57 PE=1 SV=1,MFSSLNTRPAGQSLFGANTGGGLFGQSLANQPQQQQQPLQQQQQQAAPALGQSQINQNQQLGGSLWQPGSLTAYQKPIPEQIKLIVDKWNPNHPNCAFKTYLYNKVDEHTVPLYGPGPNEDPKEWEEALQRKPAPNFIPVLCSGFPSIVARLMLQRRVITEFNNKLHQINASLDAILSRHDLDHTVRAFNARRRHAELSRRCLHLAARVQVLRNRGYALSGDEDELKQKLQQIDKTLNDPAQGSRLEELWSRLIVLRGYAEDLKDQINQAGITESDGLGEEIEAKAKKILEDYDKQLQHLKKQVEEAKKDFEEWEKQHNPAPAPAR
sp|P21734|UBC1_YEAST Ubiquitin-conjugating enzyme E2 1 OS=Saccharomyces cerevisiae (strain ATCC 204508 / S288c) OX=559292 GN=UBC1 PE=1 SV=1,MSRAKRIMKEIQAVKDDPAAHITLEFVSESDIHHLKGTFLGPPGTPYEGGKFVVDIEVPMEYPFKPPKMQFDTKVYHPNISSVTGAICLDILKNAWSPVITLKSALISLQALLQSPEPNDPQDAEVAQHYLRDRESFNKTAALWTRLYASETSNGQKGNVEESDLYGIDHDLIDEFESQGFEKDKIVEVLRRLGVKSLDPNDNNTANRIIEELLK
sp|P61086|UBE2K_HUMAN Ubiquitin-conjugating enzyme E2 K OS=Homo sapiens OX=9606 GN=UBE2K PE=1 SV=3,MANIAVQRIKREFKEVLKSEETSKNQIKVDLVDENFTELRGEIAGPPDTPYEGGRYQLEIKIPETYPFNPPKVRFITKIWHPNISSVTGAICLDILKDQWAAAMTLRTVLLSLQALLAAAEPDDPQDAVVANQYKQNPEMFKQTARLWAHVYAGAPVSSPEYTKKIENLCAMGFDRNAVIVALSSKSWDVETATELLLSN
sp|Q05397|FAK1_HUMAN Focal adhesion kinase 1 OS=Homo sapiens OX=9606 GN=PTK2 PE=1 SV=2,MAAAYLDPNLNHTPNSSTKTHLGTGMERSPGAMERVLKVFHYFESNSEPTTWASIIRHGDATDVRGIIQKIVDSHKVKHVACYGFRLSHLRSEEVHWLHVDMGVSSVREKYELAHPPEEWKYELRIRYLPKGFLNQFTEDKPTLNFFYQQVKSDYMLEIADQVDQEIALKLGCLEIRRSYWEMRGNALEKKSNYEVLEKDVGLKRFFPKSLLDSVKAKTLRKLIQQTFRQFANLNREESILKFFEILSPVYRFDKECFKCALGSSWIISVELAIGPEEGISYLTDKGCNPTHLADFTQVQTIQYSNSEDKDRKGMLQLKIAGAPEPLTVTAPSLTIAENMADLIDGYCRLVNGTSQSFIIRPQKEGERALPSIPKLANSEKQGMRTHAVSVSETDDYAEIIDEEDTYTMPSTRDYEIQRERIELGRCIGEGQFGDVHQGIYMSPENPALAVAIKTCKNCTSDSVREKFLQEALTMRQFDHPHIVKLIGVITENPVWIIMELCTLGELRSFLQVRKYSLDLASLILYAYQLSTALAYLESKRFVHRDIAARNVLVSSNDCVKLGDFGLSRYMEDSTYYKASKGKLPIKWMAPESINFRRFTSASDVWMFGVCMWEILMHGVKPFQGVKNNDVIGRIENGERLPMPPNCPPTLYSLMTKCWAYDPSRRPRFTELKAQLSTILEEEKAQQEERMRMESRRQATVSWDSGGSDEAPPKPSRPGYPSPRSSEGFYPSPQHMVQTNHYQVSGYPGSHGITAMAGSIYPGQASLLDQTDSWNHRPQEIAMWQPNVEDSTVLDLRGIGQVLPTHLMEERLIRQQQEMEEDQRWLEKEERFLKPDVRLSRGSIDREDGSLQGPIGNQHIYQPVGKPDPAAPPKKPPRPGAPGHLGSLASLSSPADSYNEGVKLQPQEISPPPTANLDRSNDKVYENVTGLVKAVIEMSSKIQPAPPEEYVPMVKEVGLALRTLLATVDETIPLLPASTHREIEMAQKLLNSDLGELINKMKLAQQYVMTSLQQEYKKQMLTAAHALAVDAKNLLDVIDQARLKMLGQTRPH
"sp|Q9LVA9|GCD1_ARATH Protein GAMETE CELL DEFECTIVE 1, mitochondrial OS=Arabidopsis thaliana OX=3702 GN=GCD1 PE=1 SV=1",MYNLSRIIYRFSSVSLNPSTRASGFLLENASSKILQSATNRAFSAKSGSDGVGGDDNGWNISTGGSFGGTGSADLDWDNKSMWSTGLTKEHFDGVSVGRQKNAANPSSDNTPSDSGDVMSKLGPKEVALVNEMNEYDDLLKEIEQDNRQGRAFVDGIKQRMMEISVLLKQVKEPGARGSYLKDSEKTEMYRLHKENPEVYTIERLAKDYRIMRQRVHAILFLKEDEEEEERKLGRPLDDSVDRLLDEYPEFFISHDREFHVASLNYKPDFKVMPEGWDGTIKDMDEVHYEISKKEDDMLYEEFVRRFEFNKMKWRGEVMCHKYSRRRSSEGWKITVEKLGAKGKRGAGGGWKFMSLPDGSSRPLNEMEKVYVKRETPLRRRSIISTEVMRYSPANQKRRSKRKQKRKERRIACLKAGKQT
sp|P20813|CP2B6_HUMAN Cytochrome P450 2B6 OS=Homo sapiens OX=9606 GN=CYP2B6 PE=1 SV=1,MELSVLLFLALLTGLLLLLVQRHPNTHDRLPPGPRPLPLLGNLLQMDRRGLLKSFLRFREKYGDVFTVHLGPRPVVMLCGVEAIREALVDKAEAFSGRGKIAMVDPFFRGYGVIFANGNRWKVLRRFSVTTMRDFGMGKRSVEERIQEEAQCLIEELRKSKGALMDPTFLFQSITANIICSIVFGKRFHYQDQEFLKMLNLFYQTFSLISSVFGQLFELFSGFLKYFPGAHRQVYKNLQEINAYIGHSVEKHRETLDPSAPKDLIDTYLLHMEKEKSNAHSEFSHQNLNLNTLSLFFAGTETTSTTLRYGFLLMLKYPHVAERVYREIEQVIGPHRPPELHDRAKMPYTEAVIYEIQRFSDLLPMGVPHIVTQHTSFRGYIIPKDTEVFLILSTALHDPHYFEKPDAFNPDHFLDANGALKKTEAFIPFSLGKRICLGEGIARAELFLFFTTILQNFSMASPVAPEDIDLTPQECGVGKIPPTYQIRFLPR
sp|Q8WX92|NELFB_HUMAN Negative elongation factor B OS=Homo sapiens OX=9606 GN=NELFB PE=1 SV=1,MFAGLQDLGVANGEDLKETLTNCTEPLKAIEQFQTENGVLLPSLQSALPFLDLHGTPRLEFHQSVFDELRDKLLERVSAIASEGKAEERYKKLEDLLEKSFSLVKMPSLQPVVMCVMKHLPKVPEKKLKLVMADKELYRACAVEVKRQIWQDNQALFGDEVSPLLKQYILEKESALFSTELSVLHNFFSPSPKTRRQGEVVQRLTRMVGKNVKLYDMVLQFLRTLFLRTRNVHYCTLRAELLMSLHDLDVGEICTVDPCHKFTWCLDACIRERFVDSKRARELQGFLDGVKKGQEQVLGDLSMILCDPFAINTLALSTVRHLQELVGQETLPRDSPDLLLLLRLLALGQGAWDMIDSQVFKEPKMEVELITRFLPMLMSFLVDDYTFNVDQKLPAEEKAPVSYPNTLPESFTKFLQEQRMACEVGLYYVLHITKQRNKNALLRLLPGLVETFGDLAFGDIFLHLLTGNLALLADEFALEDFCSSLFDGFFLTASPRKENVHRHALRLLIHLHPRVAPSKLEALQKALEPTGQSGEAVKELYSQLGEKLEQLDHRKPSPAQAAETPALELPLPSVPAPAPL
sp|P61225|RAP2B_HUMAN Ras-related protein Rap-2b OS=Homo sapiens OX=9606 GN=RAP2B PE=1 SV=1,MREYKVVVLGSGGVGKSALTVQFVTGSFIEKYDPTIEDFYRKEIEVDSSPSVLEILDTAGTEQFASMRDLYIKNGQGFILVYSLVNQQSFQDIKPMRDQIIRVKRYERVPMILVGNKVDLEGEREVSYGEGKALAEEWSCPFMETSAKNKASVDELFAEIVRQMNYAAQPNGDEGCCSACVIL
"sp|P82180|RK9_SPIOL 50S ribosomal protein L9, chloroplastic OS=Spinacia oleracea OX=3562 GN=RPL9 PE=1 SV=2",MASTTSTLSLSWSNSFHSFAGAISEPQKSPENCRVMLPIVAQKKVKKIRKIILKEDIPDLGKKGQLLDVRAGFLRNFLLPLGKAEVVTPLLLKEMKMEDERIEAEKKRVKEEAQQLARMFETVGAFKVKRKGGKGKQIFGSVTAQDLVDIIKAQLQRDVDKKVVFLPDIRETGEYIAELKLHPDVTAQVRVTVFAN
sp|P04537|UVSY_BPT4 Recombination protein uvsY OS=Enterobacteria phage T4 OX=10665 GN=uvsY PE=1 SV=3,MRLEDLQEELKKDVFIDSTKLQYEAANNVMLYSKWLNKHSSIKKEMLRIEAQKKVALKARLDYYSGRGDGDEFSMDRYEKSEMKTVLSADKDVLKVDTSLQYWGILLDFCSGALDAIKSRGFAIKHIQDMRAFEAGK
sp|P00129|QCR7_BOVIN Cytochrome b-c1 complex subunit 7 OS=Bos taurus OX=9913 GN=UQCRB PE=1 SV=3,MAGRPAVSASSRWLEGIRKWYYNAAGFNKLGLMRDDTIHENDDVKEAIRRLPENLYNDRVFRIKRALDLSMRQQILPKEQWTKYEEDKSYLEPYLKEVIRERKEREEWAKK
sp|P07353|IFNG_BOVIN Interferon gamma OS=Bos taurus OX=9913 GN=IFNG PE=1 SV=1,MKYTSYFLALLLCGLLGFSGSYGQGQFFREIENLKEYFNASSPDVAKGGPLFSEILKNWKDESDKKIIQSQIVSFYFKLFENLKDNQVIQRSMDIIKQDMFQKFLNGSSEKLEDFKKLIQIPVDDLQIQRKAINELIKVMNDLSPKSNLRKRKRSQNLFRGRRASM
sp|P63220|RS21_HUMAN 40S ribosomal protein S21 OS=Homo sapiens OX=9606 GN=RPS21 PE=1 SV=1,MQNDAGEFVDLYVPRKCSASNRIIGAKDHASIQMNVAEVDKVTGRFNGQFKTYAICGAIRRMGESDDSILRLAKADGIVSKNF
sp|P19665|SODF_PORGI Superoxide dismutase [Mn/Fe] OS=Porphyromonas gingivalis (strain ATCC BAA-308 / W83) OX=242619 GN=sodB PE=1 SV=2,MTHELISLPYAVDALAPVISKETVEFHHGKHLKTYVDNLNKLIIGTEFENADLNTIVQKSEGGIFNNAGQTLNHNLYFTQFRPGKGGAPKGKLGEAIDKQFGSFEKFKEEFNTAGTTLFGSGWVWLASDANGKLSIEKEPNAGNPVRKGLNPLLGFDVWEHAYYLTYQNRRADHLKDLWSIVDWDIVESRY
sp|Q9QYS9|QKI_MOUSE Protein quaking OS=Mus musculus OX=10090 GN=Qki PE=1 SV=1,MVGEMETKEKPKPTPDYLMQLMNDKKLMSSLPNFCGIFNHLERLLDEEISRVRKDMYNDTLNGSTEKRSAELPDAVGPIVQLQEKLYVPVKEYPDFNFVGRILGPRGLTAKQLEAETGCKIMVRGKGSMRDKKKEEQNRGKPNWEHLNEDLHVLITVEDAQNRAEIKLKRAVEEVKKLLVPAAEGEDSLKKMQLMELAILNGTYRDANIKSPALAFSLAATAQAAPRIITGPAPVLPPAALRTPTPAGPTIMPLIRQIQTAVMPNGTPHPTAAIVPPGPEAGLIYTPYEYPYTLAPATSILEYPIEPSGVLGAVATKVRRHDMRVHPYQRIVTADRAATGN
sp|P62241|RS8_HUMAN 40S ribosomal protein S8 OS=Homo sapiens OX=9606 GN=RPS8 PE=1 SV=2,MGISRDNWHKRRKTGGKRKPYHKKRKYELGRPAANTKIGPRRIHTVRVRGGNKKYRALRLDVGNFSWGSECCTRKTRIIDVVYNASNNELVRTKTLVKNCIVLIDSTPYRQWYESHYALPLGRKKGAKLTPEEEEILNKKRSKKIQKKYDERKKNAKISSLLEEQFQQGKLLACIASRPGQCGRADGYVLEGKELEFYLRKIKARKGK
"sp|Q39194|PSBW_ARATH Photosystem II reaction center W protein, chloroplastic OS=Arabidopsis thaliana OX=3702 GN=PSBW PE=1 SV=2",MASFTASASTVSAARPALLLKPTVAISAPVLGLPPMGKKKGGVRCSMETKQGNVSVMGAGVSAAATAALTAVMSNPAMALVDERMSTEGTGLPFGLSNNLLGWILFGVFGLIWTFFFVYTSSLEEDEESGLSL
sp|A0QYU7|RL35_MYCS2 50S ribosomal protein L35 OS=Mycolicibacterium smegmatis (strain ATCC 700084 / mc(2)155) OX=246196 GN=rpmI PE=1 SV=1,MPKAKTHSGASKRFRRTGTGKIVRQKANRRHLLEHKPTKRTRRLDGRTTVSAADNSRINKLLNG
sp|E2AXC7|BRCC3_CAMFO Lys-63-specific deubiquitinase BRCC36 OS=Camponotus floridanus OX=104421 GN=BRCC3 PE=1 SV=1,MDDSSLQKVELQTDVYMVCLQHALSTENFEVMGLLIGNFACGIAKISAVIILRRLDKKKDRVEISSEQLLKAAAEAERLTVELNRPMRVLGWYHSHPHITVCPSHVDVRTQATYQTMDHSFVGLIFSVFSEGKESKEHEIFLNCFQSDNGEATEIPLEIVHTPDISDRCLRTMTDLSKILVQEEEDMAEACKDHPDVLASIHNNAVRTRALIHITDIITKPLVQTFEKRIALNKLRATHLQRQLQELQKMCNG
sp|P9WPP7|CP121_MYCTU Mycocyclosin synthase OS=Mycobacterium tuberculosis (strain ATCC 25618 / H37Rv) OX=83332 GN=cyp121 PE=1 SV=1,MTATVLLEVPFSARGDRIPDAVAELRTREPIRKVRTITGAEAWLVSSYALCTQVLEDRRFSMKETAAAGAPRLNALTVPPEVVNNMGNIADAGLRKAVMKAITPKAPGLEQFLRDTANSLLDNLITEGAPADLRNDFADPLATALHCKVLGIPQEDGPKLFRSLSIAFMSSADPIPAAKINWDRDIEYMAGILENPNITTGLMGELSRLRKDPAYSHVSDELFATIGVTFFGAGVISTGSFLTTALISLIQRPQLRNLLHEKPELIPAGVEELLRINLSFADGLPRLATADIQVGDVLVRKGELVLVLLEGANFDPEHFPNPGSIELDRPNPTSHLAFGRGQHFCPGSALGRRHAQIGIEALLKKMPGVDLAVPIDQLVWRTRFQRRIPERLPVLW
